id,first_name,last_name,email,gender,ip_address
1,Imojean,Fidock,ifidock0@ebay.com,Female,37.151.142.118
2,Brnaby,Belch,bbelch1@cbslocal.com,Male,80.158.217.23
3,Basile,Killby,bkillby2@sphinn.com,Male,27.36.169.115
4,Sargent,Jakeway,sjakeway3@ted.com,Male,153.39.159.130
5,Ruthi,Calbert,rcalbert4@weebly.com,Female,28.90.57.225
6,Kippie,Stranaghan,kstranaghan5@jigsy.com,Male,83.32.85.36
7,Judy,Boncore,jboncore6@si.edu,Female,154.12.173.244
8,Inigo,MacTavish,imactavish7@kickstarter.com,Male,160.34.40.45
9,Perice,Quarmby,pquarmby8@360.cn,Male,221.185.53.204
10,Angus,Klemenz,aklemenz9@google.com.br,Male,64.68.174.240
11,Edmon,Abelov,eabelova@ustream.tv,Male,91.53.13.18
12,Lavena,Maciaszek,lmaciaszekb@cornell.edu,Female,211.82.141.162
13,Grantham,Karim,gkarimc@disqus.com,Male,145.230.107.17
14,Curr,Yarnall,cyarnalld@bloglovin.com,Male,162.217.59.203
15,Myra,Frain,mfraine@shinystat.com,Female,18.218.45.221
16,Hervey,Derks,hderksf@tuttocitta.it,Male,127.123.28.136
17,Roxane,Le Count,rlecountg@amazon.com,Female,106.248.195.103
18,Marmaduke,McCutcheon,mmccutcheonh@smh.com.au,Male,131.248.100.153
19,Lesley,Humfrey,lhumfreyi@globo.com,Male,152.48.174.221
20,Percival,Geerits,pgeeritsj@vistaprint.com,Male,235.156.241.157
21,Vita,Grinter,vgrinterk@wikia.com,Female,159.111.156.235
22,Ilyssa,Shreeve,ishreevel@who.int,Female,33.161.59.88
23,Dore,Imesson,dimessonm@latimes.com,Female,88.245.113.229
24,Berkeley,Dermott,bdermottn@google.cn,Male,193.198.134.11
25,Bea,Spolton,bspoltono@gravatar.com,Female,145.253.121.50
26,Abbe,Ricca,ariccap@booking.com,Male,174.152.80.209
27,Ruttger,Rodgier,rrodgierq@ox.ac.uk,Male,221.136.42.206
28,Gannon,Hambling,ghamblingr@mozilla.com,Male,183.180.149.56
29,Gualterio,Rendell,grendells@stumbleupon.com,Male,18.99.192.252
30,Marys,Weatherhead,mweatherheadt@cdc.gov,Female,143.79.148.100
31,Aveline,Holstein,aholsteinu@hibu.com,Female,158.12.20.222
32,Bobby,Mattea,bmatteav@mapy.cz,Male,209.16.55.218
33,Hamnet,Lis,hlisw@wikipedia.org,Male,222.207.243.88
34,Zerk,Dulake,zdulakex@flavors.me,Male,11.175.112.245
35,Susan,Dunstan,sdunstany@bandcamp.com,Female,179.16.195.170
36,Mannie,Dieton,mdietonz@hugedomains.com,Male,192.215.202.178
37,Carlin,Janicki,cjanicki10@columbia.edu,Male,46.163.6.132
38,Hughie,Antoniak,hantoniak11@storify.com,Male,11.231.238.208
39,Jacqui,Giuroni,jgiuroni12@eepurl.com,Female,174.82.39.171
40,Freddie,Tander,ftander13@ocn.ne.jp,Female,79.252.82.169
41,Emmalyn,Newey,enewey14@istockphoto.com,Female,167.171.34.140
42,Maureen,Charrett,mcharrett15@alexa.com,Female,155.10.67.121
43,Loralee,Brogioni,lbrogioni16@geocities.com,Female,113.188.182.105
44,Amelia,Sollom,asollom17@chron.com,Female,240.182.192.142
45,Natalie,Bindley,nbindley18@instagram.com,Female,107.65.79.35
46,Mabelle,Goreisr,mgoreisr19@seesaa.net,Female,16.195.132.45
47,Clyve,Warwicker,cwarwicker1a@about.me,Male,35.120.144.28
48,Alexa,Esslement,aesslement1b@dropbox.com,Female,51.176.134.230
49,Sayer,Robus,srobus1c@smugmug.com,Male,63.109.166.5
50,Giles,Rissom,grissom1d@google.co.jp,Male,132.59.85.253
